{"cameraMode":{"drawMode":0,"name":"Shaded","section":"Shading Mode"},"sceneLighting":true,"audioPlay":false,"sceneViewState":{"showFog":true,"showMaterialUpdate":false,"showSkybox":true,"showFlares":true,"showImageEffects":true,"showParticleSystems":true},"in2DMode":false,"pivot":{"x":790.4451293945313,"y":247.60848999023438,"z":-19.855270385742189},"rotation":{"x":-0.13659466803073884,"y":0.2711721956729889,"z":-0.03890807181596756,"w":-0.9519948363304138},"size":268.6005554199219,"orthographic":false}